epoch,accuracy,learning_rate,loss,val_accuracy,val_loss
0,0.8758459091186523,0.0002500000118743628,0.6767162084579468,0.8876170516014099,0.5708547234535217
